feature,importance_shap
MolLogP,0.6242587994837578
TPSA,0.4036369849523494
MolWt,0.33862177085850176
HeavyAtomCount,0.2921464939703115
Morgan_650,0.23253992767125023
Morgan_314,0.232503550200756
NumRotBonds,0.22481809144395767
Morgan_807,0.20860009902525498
NumAromRings,0.20697168936556576
NumHAcceptors,0.2003023699405776
Morgan_1,0.18695150955227838
Morgan_656,0.18671212326826186
Morgan_1145,0.16123295701394386
Morgan_715,0.1374652829874486
Morgan_1057,0.1370560396298245
Morgan_1019,0.12469692355711468
Morgan_745,0.12022803851907916
Morgan_456,0.11865393789626069
Morgan_935,0.11766539377406039
Morgan_1750,0.11172516150447778
Morgan_1380,0.10342044566422894
Morgan_1844,0.10001224321230812
Morgan_389,0.09912709923610481
Morgan_1160,0.09818696661353807
Morgan_350,0.09689688559792087
Morgan_1171,0.09623563058328372
Morgan_926,0.09250425555902039
FractionCSP3,0.09132184303569296
Morgan_147,0.0905939464180396
Morgan_736,0.07729170119488772
Morgan_1270,0.07673743901580074
Morgan_1114,0.07501507010818775
Morgan_786,0.07014515650732554
Morgan_1538,0.0698445487498596
Morgan_1060,0.06746674380739731
Morgan_1325,0.06342637761604586
Morgan_1991,0.06202867576661583
Morgan_1457,0.06171407508200837
RingCount,0.06034339215441622
Morgan_310,0.059951896172086426
Morgan_472,0.05990335359710558
Morgan_1195,0.05984485635507542
Morgan_502,0.05793297440976011
Morgan_1722,0.05760282716462165
Morgan_378,0.056990345503863005
Morgan_322,0.05566645613869976
Morgan_598,0.052151187129437615
Morgan_1581,0.0516013669414958
Morgan_1737,0.05128136770753504
Morgan_561,0.05127627524167517
Morgan_1535,0.04950028908047207
Morgan_1855,0.04720784169585914
Morgan_1452,0.04590782362577797
Morgan_694,0.045770909608660905
Morgan_80,0.04483452461865059
Morgan_932,0.04412425347352412
Morgan_885,0.043660516677641835
Morgan_591,0.042902080320951344
Morgan_1475,0.042167007651690055
Morgan_1791,0.04162720008467368
Morgan_675,0.041625411522108496
Morgan_1873,0.041028197142688454
Morgan_1088,0.040389092007119085
Morgan_463,0.039117553745089725
Morgan_1866,0.039062681415621414
Morgan_1066,0.03881645612586432
Morgan_1226,0.03875280959559182
Morgan_1199,0.03869363060383067
Morgan_294,0.03845557692985633
Morgan_486,0.03757050296592136
Morgan_1808,0.036619248413569734
Morgan_1313,0.036611764007944546
Morgan_530,0.03605490142591027
Morgan_9,0.03604815656833105
Morgan_227,0.03580722456253615
Morgan_1309,0.035423080650146474
Morgan_653,0.035298378665206076
Morgan_31,0.03450171445793078
Morgan_1573,0.03391286919535799
Morgan_1683,0.03391238722984133
Morgan_1928,0.033869405126258384
Morgan_1385,0.03292801706925468
Morgan_121,0.0327413581446122
Morgan_26,0.03228199711290644
Morgan_750,0.029026230454916792
Morgan_1803,0.02900120483311489
Morgan_1097,0.028953888130396663
Morgan_235,0.028812937040534135
Morgan_673,0.027646585004662813
Morgan_1357,0.027395604797038585
Morgan_753,0.02731642478767723
Morgan_1287,0.027234209767436117
Morgan_1672,0.026839578909841334
Morgan_343,0.02638250244315032
Morgan_744,0.026322976933695376
Morgan_872,0.026164595334786177
Morgan_1790,0.025970556334716302
Morgan_1778,0.025716401917537334
Morgan_1228,0.025624111577079736
Morgan_1447,0.02545465453011242
Morgan_1977,0.025449211245851932
Morgan_251,0.02502416788133071
Morgan_1853,0.02501696936518609
Morgan_1267,0.025004530737965967
Morgan_1688,0.024959139715291196
Morgan_111,0.024959139715286193
Morgan_195,0.02470714794577777
Morgan_716,0.02400066734921077
Morgan_207,0.023838356950751503
Morgan_1487,0.023707123985754988
Morgan_1431,0.02360117955105209
Morgan_785,0.02347280776222232
Morgan_983,0.023412873051992165
Morgan_4,0.023326226706541685
Morgan_448,0.02268928747056548
Morgan_1910,0.022568086675737165
Morgan_865,0.022484150498835537
Morgan_1724,0.022278450256363068
Morgan_1410,0.022156665887637844
Morgan_841,0.02203886070441376
Morgan_84,0.02181662003148093
Morgan_1292,0.021781898592809254
Morgan_806,0.021751767936034786
Morgan_35,0.021558305673144616
Morgan_191,0.021505057783816978
Morgan_117,0.021452335479329454
Morgan_883,0.02124018948364565
Morgan_13,0.02120596912754179
Morgan_222,0.021090505109551377
Morgan_1745,0.020957282349037744
Morgan_1536,0.020686396791212744
Morgan_614,0.02062052416501547
Morgan_718,0.020583633256928236
Morgan_309,0.020532244428984384
Morgan_735,0.020495934679386228
Morgan_1816,0.020148426713197422
Morgan_90,0.02010474052830177
Morgan_1697,0.02003481758322436
Morgan_16,0.01987560736665106
Morgan_25,0.01985086834671806
Morgan_1624,0.019714394053369368
Morgan_1427,0.019493176825300322
Morgan_997,0.019421575807120724
Morgan_1110,0.019198749347152294
Morgan_1415,0.019169586253116423
Morgan_800,0.019147301807006484
Morgan_1444,0.019079181537273174
Morgan_352,0.01899094446254656
Morgan_1482,0.01898768575984745
Morgan_936,0.018911455368928087
Morgan_857,0.01881635168692978
Morgan_2010,0.018732348505745285
Morgan_950,0.018608684202505534
Morgan_1039,0.018388079367261237
Morgan_1441,0.018384063753896642
Morgan_192,0.01831904869739994
Morgan_333,0.01825880502878364
Morgan_1876,0.018205193130357643
Morgan_1045,0.018032393445948064
Morgan_2038,0.017901003226487043
Morgan_835,0.01784049352216631
Morgan_585,0.017802437218967685
Morgan_1422,0.01780025389600638
Morgan_1607,0.01761828070193295
Morgan_283,0.017617162082905927
Morgan_145,0.017483384723182744
Morgan_670,0.01739898278423507
Morgan_1729,0.017372456503584335
Morgan_69,0.017098300205833736
Morgan_924,0.016900847187679962
Morgan_1840,0.016877439893611193
Morgan_1268,0.016850180756725626
Morgan_203,0.01681393917070209
Morgan_554,0.016810285489079764
Morgan_1480,0.016654713872040025
Morgan_792,0.01660237961121233
Morgan_1604,0.01635220414668477
Morgan_366,0.01621343302332455
Morgan_713,0.01621015240387494
Morgan_1696,0.016165803663488826
Morgan_79,0.01602637655664922
Morgan_2042,0.015950579870751172
Morgan_1957,0.015815764781946632
Morgan_1240,0.01570333304538668
Morgan_1213,0.015533260176837142
Morgan_14,0.015387172244480123
Morgan_1951,0.015343157857038048
Morgan_1937,0.015294811201892921
Morgan_157,0.01527820220757683
Morgan_1274,0.015277653216283136
Morgan_1453,0.015022541333899233
Morgan_1685,0.015007495718364976
Morgan_119,0.014963611231398798
Morgan_36,0.014927664842668071
Morgan_94,0.014893733157395254
Morgan_1249,0.014725333218730883
Morgan_216,0.014703171414229402
Morgan_291,0.0146370332774751
Morgan_34,0.014595270218671854
Morgan_1224,0.014529685341142988
Morgan_470,0.014520369215131475
Morgan_540,0.014177620081580258
Morgan_1921,0.014155771794744072
Morgan_781,0.014138095372583544
Morgan_2,0.01412886557944947
Morgan_1257,0.014100042147848562
Morgan_41,0.014020391415457054
Morgan_1087,0.013989352222116818
Morgan_1638,0.013953499874925472
Morgan_674,0.013936883050195496
Morgan_725,0.013921110919607354
Morgan_667,0.013847170361501814
Morgan_1163,0.013827859400265749
Morgan_917,0.01366934295395531
Morgan_1386,0.01366779738787234
Morgan_1221,0.01362332978652801
Morgan_1256,0.013553549687447784
Morgan_1980,0.013515472533383126
Morgan_1037,0.013501926214833862
Morgan_1405,0.013496311868918212
Morgan_1758,0.013471797098002754
Morgan_1181,0.013419668365376003
Morgan_1401,0.013303328859050868
Morgan_65,0.01323148608114861
Morgan_116,0.01315528626516457
Morgan_61,0.012976904192182937
Morgan_787,0.012870588672018712
Morgan_567,0.012838507622464936
Morgan_381,0.012742658665163852
Morgan_1290,0.012695277261147204
Morgan_984,0.012672154958206496
Morgan_727,0.012663063031026964
Morgan_354,0.012639452395183642
Morgan_1911,0.01252557228062813
Morgan_884,0.012510548476669858
Morgan_963,0.012295398195089206
Morgan_491,0.01208962301940874
Morgan_1671,0.012009065541400837
Morgan_1283,0.011970498702226294
Morgan_1104,0.011962295646147258
Morgan_564,0.011780098801168187
Morgan_1099,0.011779183470389667
Morgan_1255,0.011755553502944428
Morgan_242,0.011633368652367302
Morgan_888,0.011562223862263491
Morgan_1955,0.011554216325402393
Morgan_747,0.011489626063801765
Morgan_663,0.011422152836835208
Morgan_440,0.011390275937532758
Morgan_1963,0.011369879125076443
Morgan_387,0.011365386114739313
Morgan_671,0.011313362998702076
Morgan_489,0.011294765571838
Morgan_574,0.011286629604613956
Morgan_989,0.011285105396059949
Morgan_1567,0.011236618954537718
Morgan_125,0.0111596875278298
Morgan_1933,0.01113540366096069
Morgan_1532,0.011110739390459931
Morgan_1764,0.01110781912935892
Morgan_838,0.011047455527956652
Morgan_1164,0.010960143121115913
Morgan_1973,0.010863281821139213
Morgan_1210,0.01081394531468911
Morgan_1476,0.01077995816429535
Morgan_1349,0.010697630041889745
Morgan_947,0.01067489068447279
Morgan_176,0.01065400633713383
Morgan_657,0.01064294015721995
Morgan_142,0.010605644948402574
Morgan_461,0.010580870891621607
Morgan_825,0.010562593458967883
Morgan_1524,0.010520679182201304
Morgan_202,0.010495319536383418
Morgan_1043,0.010482114833758733
Morgan_140,0.010468110776342543
Morgan_74,0.010448408016225305
Morgan_751,0.010408921851583881
Morgan_973,0.010407094335233142
Morgan_127,0.010376758274628084
Morgan_1479,0.01036603105054481
Morgan_1468,0.010334999048265889
Morgan_987,0.010263629787286161
Morgan_105,0.010239602534010257
Morgan_2033,0.010198316275839996
Morgan_1599,0.010186402547301372
Morgan_143,0.010156164111033523
Morgan_687,0.010032342624614254
Morgan_1733,0.010019564217610175
Morgan_1603,0.009986257385313958
Morgan_70,0.00992527979420821
Morgan_1115,0.009885235051084683
Morgan_699,0.009883917473858868
Morgan_144,0.009796308570839138
Morgan_626,0.009773275556122913
Morgan_1617,0.009766558136735609
Morgan_1708,0.00976063950026633
Morgan_1446,0.009729507979191228
Morgan_1783,0.00972303621289638
Morgan_155,0.009719028597923878
Morgan_1630,0.009709738807821661
Morgan_944,0.009692066722302573
Morgan_625,0.009644453127858029
Morgan_1892,0.00961231396463585
Morgan_1571,0.009555071069414913
Morgan_255,0.009528293269339072
Morgan_1602,0.009521817831522693
Morgan_831,0.00949849928651541
Morgan_589,0.00948749563565003
Morgan_998,0.009484424199130554
Morgan_964,0.00946978292798075
Morgan_1564,0.009416374340316553
Morgan_1279,0.009412057326160158
Morgan_1089,0.009266209977461394
Morgan_1138,0.0092630111810961
Morgan_1917,0.009230525392282097
Morgan_130,0.009171683562100576
Morgan_586,0.009139175597717021
Morgan_315,0.009106726373758096
Morgan_1105,0.009104998744317812
Morgan_752,0.00909660884223225
Morgan_58,0.009054303593103462
Morgan_332,0.009037247300688757
Morgan_431,0.009016523092143281
Morgan_855,0.008999463020929748
Morgan_1293,0.008992638840780581
Morgan_1423,0.008990656956853131
Morgan_1238,0.008947665672102388
Morgan_1970,0.008936450179127961
Morgan_325,0.008926991716836587
Morgan_355,0.00892015618054452
Morgan_1261,0.008917644805120936
Morgan_67,0.008901933172157235
Morgan_1694,0.008873281285109207
Morgan_524,0.008820870583440207
Morgan_708,0.008799822822084673
Morgan_1194,0.008772060239605547
Morgan_1763,0.008771559677296217
Morgan_1690,0.008729697157427233
Morgan_2035,0.008726851773822757
Morgan_167,0.008725021108494869
Morgan_303,0.008682842357685922
Morgan_257,0.008671601890195517
Morgan_1537,0.008668251067701357
Morgan_961,0.008657192933395343
Morgan_547,0.008609759703280682
Morgan_353,0.00860004960570308
Morgan_692,0.008575718676291606
Morgan_717,0.008573142225890529
Morgan_1674,0.008510780318261982
Morgan_1013,0.008510066883065355
Morgan_1926,0.008489697726546853
Morgan_397,0.008464563077668788
Morgan_776,0.008454211785517616
Morgan_364,0.008418030044706683
Morgan_2034,0.008372881447055024
Morgan_232,0.008344454624316988
Morgan_2028,0.008344312892658898
Morgan_1905,0.008279957477154822
Morgan_1858,0.00826305969130792
Morgan_1448,0.008248677299225739
Morgan_654,0.00823220017811914
Morgan_1956,0.008226691260214197
Morgan_696,0.008222603510449272
Morgan_953,0.008221692649961511
Morgan_1542,0.008218280987411427
Morgan_1508,0.008204235720994664
Morgan_1028,0.008201204166772481
Morgan_880,0.008181077073439062
Morgan_624,0.008159485474877534
Morgan_743,0.008152590524325336
Morgan_1775,0.008118292791165138
Morgan_1827,0.00809674185151405
Morgan_1252,0.008090737660353564
Morgan_858,0.008043668049038593
Morgan_1211,0.008018692982379807
Morgan_32,0.008008111719271072
Morgan_573,0.00792816460505483
Morgan_1389,0.007916303781794897
Morgan_1394,0.007888441450010246
Morgan_816,0.00781929428853975
Morgan_575,0.007802245062419737
Morgan_1735,0.007780260144551825
Morgan_81,0.007765960380579964
Morgan_516,0.007758010703153772
Morgan_609,0.0077443821511329215
Morgan_428,0.007728576443110963
Morgan_268,0.007649096711397926
Morgan_1906,0.007623149747142629
Morgan_1946,0.007616112555547615
Morgan_909,0.007613296316229154
Morgan_975,0.00757560049056434
Morgan_1219,0.00748522783215997
Morgan_1908,0.007382427201415758
Morgan_338,0.0073787764322890545
Morgan_97,0.007298599262065711
Morgan_1024,0.007284233119149466
Morgan_1904,0.007277797393347287
Morgan_1032,0.007267066156944113
Morgan_1430,0.007266567978352905
Morgan_2008,0.007260810331399778
Morgan_790,0.007213768083785985
Morgan_1526,0.007203405708578245
Morgan_425,0.0070727211122105695
Morgan_57,0.007069496824488342
Morgan_252,0.007024596008628291
Morgan_1849,0.007005650707113516
Morgan_1998,0.007001753442736376
Morgan_357,0.0069917288944085785
Morgan_1208,0.006970655860749082
Morgan_384,0.006921155842804702
Morgan_1570,0.00691613991633551
Morgan_237,0.006913049745576363
Morgan_640,0.006905320322447605
Morgan_462,0.0068900480544340295
Morgan_1920,0.00688696519330927
Morgan_164,0.006868434998126505
Morgan_1572,0.006830735632651063
Morgan_324,0.00680667477590673
Morgan_1828,0.006774634003405394
Morgan_757,0.006723317412853269
Morgan_922,0.0067082065024144785
Morgan_1384,0.0066796748744627765
Morgan_427,0.006676776403813018
Morgan_1797,0.006612455300533579
Morgan_1528,0.006607090959604538
Morgan_1005,0.006498433977003996
NumHDonors,0.006476683201717192
Morgan_1962,0.0064743658530050366
Morgan_1936,0.0064440654458927694
Morgan_594,0.006425813214917323
Morgan_1387,0.006411981838500735
Morgan_45,0.006409223186845206
Morgan_1550,0.006409170030762923
Morgan_1049,0.006363957108682115
Morgan_539,0.006352648715854784
Morgan_974,0.0062989365527396065
Morgan_813,0.006286513415175926
Morgan_1864,0.006286313475318972
Morgan_407,0.006282674582194014
Morgan_1025,0.006266713095245159
Morgan_1645,0.006258419025225789
Morgan_1971,0.006257548902798224
Morgan_1810,0.006236948993923615
Morgan_1560,0.006158122464316473
Morgan_249,0.006144479963155935
Morgan_1809,0.006136477580736561
Morgan_110,0.006118891133713508
Morgan_847,0.006102725213206241
Morgan_1698,0.006075170408843058
Morgan_1632,0.006066630877662009
Morgan_259,0.00606603786484407
Morgan_1172,0.006063977729315579
Morgan_630,0.006062851929413811
Morgan_109,0.006048759409568286
Morgan_1265,0.0060128915447420425
Morgan_1944,0.005969137316499552
Morgan_1943,0.0059633550581081
Morgan_248,0.005955918456494205
Morgan_1747,0.0059505875531792205
Morgan_432,0.005939696794699285
Morgan_1308,0.005939297056613994
Morgan_1070,0.00593325832780873
Morgan_875,0.005931684133432995
Morgan_992,0.005897217775497046
Morgan_205,0.005894429139730764
Morgan_647,0.005884604992278981
Morgan_1992,0.005873939483324815
Morgan_1923,0.005819912081542966
Morgan_1726,0.005804730048847825
Morgan_410,0.005797728453184528
Morgan_304,0.005778889621697809
Morgan_501,0.005769519128523772
Morgan_911,0.005744502328487687
Morgan_1436,0.005631230146393021
Morgan_2043,0.005610419414400939
Morgan_1146,0.0055871528154959604
Morgan_320,0.005568015698317215
Morgan_701,0.005555697324315355
Morgan_1011,0.005532036464043188
Morgan_54,0.005508966878633233
Morgan_864,0.005504315317100459
Morgan_908,0.005496394630021273
Morgan_1353,0.005486963875040892
Morgan_967,0.0054725720748687035
Morgan_265,0.005430518314768852
Morgan_1496,0.005403615540432734
Morgan_1701,0.0053867225622675876
Morgan_722,0.005381342311144553
Morgan_1527,0.005379163449237727
Morgan_339,0.005352626210425827
Morgan_114,0.005350795491125536
Morgan_1209,0.005347709562032106
Morgan_832,0.0053468519046880915
Morgan_1205,0.0053428918940247525
Morgan_689,0.005330503291369263
Morgan_1606,0.0052983615969029564
Morgan_1657,0.005274825809286021
Morgan_412,0.005213835672375744
Morgan_471,0.005208329229509857
Morgan_846,0.005192916225682968
Morgan_1275,0.0051899856844095996
Morgan_496,0.005180937290206995
Morgan_1597,0.005169487963110042
Morgan_1141,0.00516557270478581
Morgan_1111,0.005158910185853859
Morgan_878,0.005142208174366738
Morgan_458,0.005141314947764864
Morgan_1717,0.0051387337573565485
Morgan_523,0.005137686667268504
Morgan_239,0.005131969581504097
Morgan_186,0.005127776653969581
Morgan_1074,0.005121918513270714
Morgan_107,0.005112615426898825
Morgan_460,0.005110183511968409
Morgan_529,0.005095558780993889
Morgan_1949,0.005082562217088396
Morgan_1851,0.0050710806743986024
Morgan_854,0.005060268747044719
Morgan_446,0.005054385021535457
Morgan_1819,0.005039444751606746
Morgan_562,0.005037174126412505
Morgan_981,0.005035175159674292
Morgan_948,0.005034396350403722
Morgan_1388,0.004999223926190547
Morgan_253,0.004989676484150932
Morgan_1831,0.004984186143041313
Morgan_149,0.004978107014806288
Morgan_2009,0.004942435503798542
Morgan_1234,0.004925182725742787
Morgan_1796,0.004921472545236393
Morgan_347,0.004918997901214588
Morgan_128,0.004862379874538563
Morgan_815,0.004847521682689936
Morgan_38,0.004846313216379234
Morgan_882,0.004834812097132432
Morgan_1568,0.004774687946554147
Morgan_918,0.004765945443510391
Morgan_1239,0.004748105973777602
Morgan_382,0.0047389844732018275
Morgan_306,0.004738984473201738
Morgan_2004,0.004724952519089283
Morgan_966,0.004717090985237719
Morgan_480,0.004689813201222824
Morgan_1477,0.004689496471037694
Morgan_2000,0.004679732289447957
Morgan_1893,0.004667596926214167
Morgan_454,0.004592103596150359
Morgan_1370,0.004559804887547995
Morgan_1867,0.004557867687969973
Morgan_677,0.004554188814777023
Morgan_1034,0.004546835610273558
Morgan_33,0.004527709853047866
Morgan_780,0.004513097611875376
Morgan_1061,0.00450156882691847
Morgan_231,0.004494237515719831
Morgan_245,0.004474242525717319
Morgan_896,0.004466586308923523
Morgan_1096,0.00445663739046507
Morgan_64,0.004446607758994264
Morgan_739,0.0044275136793548485
Morgan_691,0.004425987050367109
Morgan_623,0.004411605919778141
Morgan_1077,0.004403179081730757
Morgan_293,0.004398005354270741
Morgan_684,0.004387484257926583
Morgan_1814,0.004358307261173742
Morgan_1629,0.004357714720121447
Morgan_881,0.004349319860287233
Morgan_775,0.004344940035982179
Morgan_1575,0.004326931773104562
Morgan_1323,0.0043072253332817785
Morgan_406,0.004300564967427074
Morgan_1082,0.004295532477459503
Morgan_1139,0.004293582586764501
Morgan_606,0.004291624793937387
Morgan_1738,0.004288195157618719
Morgan_955,0.004280901288149904
Morgan_1516,0.004251810029666723
Morgan_482,0.0042418395369618325
Morgan_1285,0.0042366695352123035
Morgan_590,0.004207988815427655
Morgan_59,0.0041704728734185586
Morgan_1473,0.004156720569931314
Morgan_1144,0.00415375090739804
Morgan_1076,0.004142421821416014
Morgan_1621,0.004131644676400159
Morgan_317,0.004128292943604588
Morgan_664,0.004127750582598192
Morgan_1373,0.004115609092643206
Morgan_457,0.004103568886735607
Morgan_1665,0.004088871194081183
Morgan_1498,0.004085399715463329
Morgan_1003,0.004083403365205961
Morgan_1449,0.0040828818861498905
Morgan_1148,0.00407784021863029
Morgan_373,0.004070935007399832
Morgan_150,0.004070587376533692
Morgan_133,0.004070159615969386
Morgan_849,0.004069646588683884
Morgan_328,0.004056874971466978
Morgan_690,0.004046351914367716
Morgan_519,0.004045051914800173
Morgan_413,0.0040360211811891825
Morgan_474,0.003989377810480436
Morgan_583,0.003987704559839125
Morgan_1411,0.003960234173956334
Morgan_999,0.003956233934768927
Morgan_695,0.003953472122599164
Morgan_1676,0.003938336526020338
Morgan_1950,0.003937766374304995
Morgan_1518,0.003931442167631742
Morgan_184,0.003919181733103672
Morgan_423,0.0039172723384028425
Morgan_1035,0.003906601434000058
Morgan_1056,0.0038988425817723608
Morgan_629,0.003898074460815615
Morgan_102,0.003880706321309413
Morgan_526,0.00387380984334013
Morgan_577,0.003873312778503095
Morgan_1924,0.0038675412804596854
Morgan_1109,0.0038369328479013263
Morgan_584,0.0038252332136026784
Morgan_392,0.003811035446221285
Morgan_1756,0.003803468058695051
Morgan_1746,0.0037976616939180336
Morgan_1295,0.0037709729749025468
Morgan_1847,0.0037688625920846365
Morgan_156,0.0037636156433926865
Morgan_1001,0.003757735845891722
Morgan_941,0.0037356100520922813
Morgan_507,0.0037348576211895346
Morgan_728,0.0037330653437517027
Morgan_1162,0.0037276563523141555
Morgan_132,0.003727114002470611
Morgan_1640,0.003727011130276157
Morgan_1090,0.003726160697790118
Morgan_923,0.003719397897153864
Morgan_914,0.00371741440124292
Morgan_319,0.0037147822791958078
Morgan_809,0.0037004893000311557
Morgan_788,0.0036968178672572923
Morgan_1202,0.0036907841939572716
Morgan_1985,0.0036771074484598697
Morgan_1734,0.0036516843173048717
Morgan_607,0.0036509207291586764
Morgan_592,0.0036469429727243176
Morgan_1073,0.003641093011554206
Morgan_345,0.0036386606289582507
Morgan_1914,0.003598845651665374
Morgan_600,0.0035918052396252237
Morgan_1711,0.0035857804101661773
Morgan_400,0.003569003368667526
Morgan_193,0.0035633128501685062
Morgan_1965,0.00355412215774759
Morgan_494,0.003551236314515943
Morgan_976,0.0035330189313119193
Morgan_915,0.0035121693381302776
Morgan_697,0.0035054825061887436
Morgan_233,0.003485598953253641
Morgan_977,0.0034681455650732
Morgan_1063,0.003458429114259308
Morgan_351,0.0034581028109670446
Morgan_1754,0.003455240498242651
Morgan_770,0.0034380822576942794
Morgan_1015,0.003436517719234382
Morgan_1613,0.0034095058505829003
Morgan_335,0.0034023896521459514
Morgan_1714,0.003395075670376766
Morgan_475,0.003392308328860895
Morgan_254,0.003381429853700363
Morgan_1155,0.0033686294752951996
Morgan_1483,0.0033682911550840435
Morgan_500,0.0033673116466259286
Morgan_1218,0.0033532279821910853
Morgan_401,0.0033408070315260525
Morgan_1825,0.0033317480000087172
Morgan_1375,0.003292307098016096
Morgan_1203,0.0032882151455987745
Morgan_1739,0.0032856691244749505
Morgan_1686,0.0032618822467288255
Morgan_1989,0.0032600681891965092
Morgan_805,0.0032455887858940115
Morgan_760,0.0032282684634456433
Morgan_1244,0.003225139638104262
Morgan_323,0.0032212183719565234
Morgan_1854,0.003217095268982106
Morgan_1134,0.0032093781053704447
Morgan_1472,0.003201530584230215
Morgan_794,0.003197498525245592
Morgan_113,0.0031962365907286096
Morgan_771,0.003157990077691264
Morgan_784,0.0031535385788780423
Morgan_464,0.003137513408199803
Morgan_1862,0.003135585391879132
Morgan_1154,0.003127697536981776
Morgan_1314,0.0031253059303692123
Morgan_934,0.0031158261965554684
Morgan_1878,0.0031150923660394157
Morgan_1880,0.0030858288987976063
Morgan_1147,0.0030783555947872573
Morgan_1462,0.003062532615165431
Morgan_301,0.003057464496304622
Morgan_1636,0.0030532439091972537
Morgan_1993,0.003049425018405456
Morgan_897,0.0030454087125316976
Morgan_644,0.003045153348195132
Morgan_1897,0.003039965070048527
Morgan_622,0.0030330977985673457
Morgan_275,0.003027910581492432
Morgan_385,0.0029984417700977552
Morgan_1284,0.002994891142668178
Morgan_473,0.0029846807049140754
Morgan_1264,0.00297012222529981
Morgan_8,0.002953145070662317
Morgan_1176,0.002945563316792795
Morgan_2015,0.0029374499706015873
Morgan_1856,0.0029263891490060117
Morgan_1842,0.002920366402123792
Morgan_1647,0.002905342679481005
Morgan_1974,0.002902473306572772
Morgan_371,0.0028926028513621776
Morgan_1664,0.0028894636431279186
Morgan_1012,0.0028886433579745434
Morgan_124,0.002859412350356779
Morgan_873,0.0028567268351571617
Morgan_112,0.0028425824696134017
Morgan_327,0.002836084067053849
Morgan_1631,0.0028324765208641287
Morgan_1675,0.0028288832404172177
Morgan_368,0.0028264660774554727
Morgan_1655,0.002825849377155467
Morgan_194,0.0028031717799826637
Morgan_1354,0.0027752187597131833
Morgan_99,0.0027582282044828705
Morgan_511,0.002744533227222368
Morgan_218,0.0027203275330445675
Morgan_804,0.002716495660176873
Morgan_1569,0.002714132384381699
Morgan_419,0.002713883317710826
Morgan_466,0.0026703993051462697
Morgan_810,0.002669916734041085
Morgan_271,0.0026683860610126355
Morgan_465,0.0026462140016739848
Morgan_409,0.002646031405289345
Morgan_802,0.0026452236856761516
Morgan_1282,0.002640929015199625
Morgan_621,0.002634810741297588
Morgan_1982,0.002633267121696043
Morgan_1786,0.0026277460945545385
Morgan_2046,0.0026079717538871118
Morgan_1673,0.0025999240193753798
Morgan_698,0.0025985897547008948
Morgan_305,0.002593172222954449
Morgan_1216,0.002586459295802527
Morgan_1129,0.0025802756667180076
Morgan_1259,0.0025794946408812785
Morgan_988,0.0025521686942593853
Morgan_1634,0.002551759013296394
Morgan_679,0.002545933441954553
Morgan_278,0.00254342019866135
Morgan_199,0.0025426603620053423
Morgan_1014,0.002541205503761707
Morgan_1912,0.0025338109149651133
Morgan_1785,0.0025322315825465113
Morgan_1995,0.0025309268859322414
Morgan_544,0.0025276430360583226
Morgan_43,0.0025148541433994876
Morgan_426,0.002511614032260459
Morgan_930,0.002475884372103299
Morgan_334,0.0024733904359940913
Morgan_277,0.002466230673077816
Morgan_1841,0.002459213229105399
Morgan_1417,0.002447908669841582
Morgan_672,0.0024434480218167745
Morgan_1236,0.0024411380268653075
Morgan_1143,0.0024308811389788226
Morgan_851,0.0024266081895964802
Morgan_1544,0.002418904895763434
Morgan_1280,0.0024175070391343288
Morgan_1522,0.0024122372909303642
Morgan_1350,0.0024101562593797517
Morgan_1470,0.0024075605207153315
Morgan_1022,0.00239692335966486
Morgan_2025,0.0023790573760028564
Morgan_459,0.002368907380555845
Morgan_754,0.0023533448683598873
Morgan_555,0.0023502351865496603
Morgan_642,0.0023398636290511646
Morgan_1204,0.002334936846898081
Morgan_1276,0.002328851648988165
Morgan_120,0.002324661350476838
Morgan_1707,0.0023229056360119997
Morgan_1590,0.0023224722942276374
Morgan_1939,0.0023073421643240942
Morgan_1563,0.0023017230502072727
Morgan_714,0.0022996129453128826
Morgan_1100,0.0022904089109477264
Morgan_1652,0.0022835510924788817
Morgan_1101,0.00226318905384785
Morgan_1250,0.002257848778213911
Morgan_892,0.002256076506669948
Morgan_1215,0.0022362858254217524
Morgan_73,0.002232418984044846
Morgan_1753,0.002226247931420856
Morgan_1128,0.0022140848881044366
Morgan_1609,0.002205712714675411
Morgan_56,0.0022048281689829884
Morgan_266,0.00219696852883029
Morgan_1877,0.0021942277549330076
Morgan_545,0.002172212969500247
Morgan_1420,0.0021716099185995564
Morgan_1223,0.0021703441508598197
Morgan_798,0.002170233768873913
Morgan_811,0.0021549367583144517
Morgan_1092,0.0021338701941918847
Morgan_1031,0.002132851349515132
Morgan_1102,0.0021219469990616667
Morgan_1440,0.002116396780374847
Morgan_421,0.002108434034941961
Morgan_1935,0.002099432282167608
Morgan_1058,0.002098709288237621
Morgan_1582,0.0020906612150839035
Morgan_1978,0.0020879359803407673
Morgan_866,0.0020874531682753324
Morgan_108,0.002081942750352978
Morgan_1277,0.0020803920548123156
Morgan_680,0.002067220216588513
Morgan_1894,0.0020638652226149
Morgan_1794,0.002053464387812326
Morgan_1744,0.002046507986839458
Morgan_965,0.002044017512373766
Morgan_2037,0.0020334212067617914
Morgan_563,0.002032729660774373
Morgan_214,0.002021191084867189
Morgan_1531,0.0020019293289497268
Morgan_1546,0.001998442510960429
Morgan_1823,0.0019918442405803954
Morgan_1232,0.0019861253592541243
Morgan_1850,0.0019759385238809456
Morgan_162,0.0019713277344800472
Morgan_1445,0.0019650657207657064
Morgan_307,0.0019580769492262996
Morgan_859,0.001955149750359925
Morgan_188,0.001954694154067564
Morgan_1964,0.0019438815805319187
Morgan_1407,0.0019412515488526796
Morgan_135,0.0019329923689067716
Morgan_1095,0.0019325133007914845
Morgan_646,0.0019324362417532648
Morgan_706,0.0019313639242214508
Morgan_298,0.0019210995667767058
Morgan_1507,0.0019197239101967107
Morgan_243,0.001915365884402936
Morgan_1879,0.0019125100359258073
Morgan_92,0.0019080582649279823
Morgan_1972,0.001904602468943908
Morgan_1798,0.0018993472778254458
Morgan_843,0.0018947808004543237
Morgan_553,0.001893685216532216
Morgan_1243,0.0018892611646979826
Morgan_1027,0.0018882355239134595
Morgan_75,0.0018869841273866162
Morgan_1547,0.0018857875695829692
Morgan_5,0.001873979123756228
Morgan_845,0.0018704056024294938
Morgan_1339,0.00186957876980264
Morgan_1004,0.0018645214980229049
Morgan_1319,0.0018591757893087956
Morgan_1490,0.0018450962919488397
Morgan_1184,0.0018376784085606763
Morgan_1230,0.0018372719795799763
Morgan_1558,0.0018303755202549671
Morgan_1586,0.0018204672009614865
Morgan_910,0.001817179200023803
Morgan_945,0.0018118799481619003
Morgan_1530,0.0018089706757437407
Morgan_970,0.0018051168120062572
Morgan_1699,0.0018000589603672673
Morgan_848,0.001794990051082715
Morgan_901,0.00179385759154243
Morgan_1727,0.001784898175853295
Morgan_171,0.0017787809894654594
Morgan_1594,0.001778276141317341
Morgan_978,0.0017727895666610773
Morgan_1381,0.0017627880339082347
Morgan_260,0.0017553357000792366
Morgan_2022,0.001753981860590226
Morgan_568,0.001746764713836928
Morgan_141,0.0017459834813959771
Morgan_1887,0.0017321622843967008
Morgan_182,0.0017279910685038403
Morgan_1321,0.001725747281462626
Morgan_289,0.0017220744580216164
Morgan_658,0.0017205691559585479
Morgan_1975,0.0017081655599191304
Morgan_1505,0.0017073555896606385
Morgan_383,0.0017054761093135665
Morgan_1693,0.001705423361581533
Morgan_833,0.0017042287994871144
Morgan_21,0.0016974917831797307
Morgan_372,0.0016955463740844182
Morgan_1212,0.0016923871746735725
Morgan_724,0.0016873149749358834
Morgan_469,0.0016797331907689884
Morgan_2029,0.0016748584285091264
Morgan_1865,0.0016688498000243864
Morgan_1328,0.001659835210207336
Morgan_678,0.0016553399838621738
Morgan_732,0.0016537860492365636
Morgan_893,0.0016532198738227815
Morgan_377,0.0016511087718204726
Morgan_1026,0.0016411879236309151
Morgan_250,0.0016403552812527956
Morgan_505,0.001634378562586198
Morgan_1108,0.001634378562586197
Morgan_131,0.0016343785625860736
Morgan_700,0.0016300656657282108
Morgan_1585,0.0016271727769801797
Morgan_834,0.0016236847799010064
Morgan_2018,0.0016224192825017821
Morgan_2041,0.0016126969286748157
Morgan_326,0.001608501617650905
Morgan_204,0.0016024451940200835
Morgan_2032,0.0016015505715341574
Morgan_1663,0.0016003305287501995
Morgan_1188,0.0015979964666392864
Morgan_1312,0.0015966800216829597
Morgan_871,0.0015931077491105996
Morgan_1107,0.001590273383062678
Morgan_651,0.001587739873697121
Morgan_869,0.0015867015965552811
Morgan_504,0.0015769741594126527
Morgan_1152,0.0015763573606567417
Morgan_949,0.001575204921576449
Morgan_481,0.001564744099487533
Morgan_1366,0.001546182462001703
Morgan_1999,0.0015458790651192197
Morgan_1135,0.0015450964625580285
Morgan_394,0.0015434077852807184
Morgan_1126,0.0015408487998557416
Morgan_1348,0.0015368578487592191
Morgan_1227,0.0015324594225414776
Morgan_1055,0.0015291545446830352
Morgan_1820,0.0015282181479051326
Morgan_1792,0.0015203744514316441
Morgan_862,0.0015120809291074289
Morgan_1801,0.001511667220794246
Morgan_136,0.0015084362431905087
Morgan_1960,0.0014904229538105563
Morgan_1298,0.0014861694960653681
Morgan_525,0.0014849173120779473
Morgan_455,0.0014793541493863674
Morgan_1273,0.0014783932216195761
Morgan_2012,0.0014780032415285778
Morgan_611,0.0014695164909092114
Morgan_1742,0.0014670161287546305
Morgan_1009,0.00146284139881706
Morgan_515,0.0014626069075345735
Morgan_1362,0.0014575868625468615
Morgan_1352,0.001456161708417449
Morgan_1248,0.0014559047244283693
Morgan_1583,0.0014515704509778593
Morgan_1463,0.0014513250320878227
Morgan_1555,0.0014488984985624239
Morgan_240,0.0014461814552882346
Morgan_610,0.0014457791146248297
Morgan_1157,0.0014417373433495354
Morgan_1780,0.001440833859323849
Morgan_1137,0.0014404938499045776
Morgan_445,0.0014360299268075566
Morgan_613,0.001430339111316642
Morgan_2023,0.0014263960219704735
Morgan_172,0.0014220817697122327
Morgan_279,0.0014218769317907067
Morgan_980,0.0014194145837656516
Morgan_1779,0.0014162836177866614
Morgan_292,0.0014114652127468845
Morgan_877,0.0014086950908126688
Morgan_900,0.0014083523465199229
Morgan_1934,0.0013972100715495897
Morgan_1959,0.001387843390636932
Morgan_1702,0.0013872346138697872
Morgan_197,0.0013794699583096878
Morgan_1838,0.0013792372573935342
Morgan_1592,0.0013767756753595786
Morgan_844,0.001371173410054699
Morgan_1406,0.0013650681440686005
Morgan_595,0.0013638063706929897
Morgan_1253,0.0013592726244060728
Morgan_1718,0.0013586308441628754
Morgan_1922,0.0013547930656374362
Morgan_430,0.001350844835581319
Morgan_272,0.0013445611796642826
Morgan_7,0.0013365454224049172
Morgan_1382,0.0013334314866723746
Morgan_1367,0.0013334314866723684
Morgan_737,0.001333431486672366
Morgan_1895,0.001326534101729403
Morgan_62,0.0013211217310928121
Morgan_824,0.0013201757325223787
Morgan_1614,0.0013182427143335867
Morgan_876,0.0013154505134147364
Morgan_1896,0.0013135775344248644
Morgan_1331,0.001311893260254712
Morgan_497,0.001309741043315717
Morgan_1852,0.001308551246399836
Morgan_1915,0.0013029598987383433
Morgan_1958,0.0013018780434619936
Morgan_1246,0.001298352458466218
Morgan_50,0.0012906670954961467
Morgan_1870,0.0012864492660594818
Morgan_1833,0.0012828134374901292
Morgan_542,0.001281902059945896
Morgan_198,0.0012725244523050722
Morgan_959,0.0012639873261292487
Morgan_213,0.001259705193297195
Morgan_730,0.001248175718770136
Morgan_1489,0.0012464124029955862
Morgan_478,0.0012461140666901343
Morgan_643,0.0012442492469196633
Morgan_479,0.0012439417586644647
Morgan_1153,0.0012420433460979565
Morgan_63,0.0012282124886008356
Morgan_1580,0.001228212488600544
Morgan_905,0.0012215963058324936
Morgan_766,0.0012194575809028163
Morgan_836,0.0012104896181092052
Morgan_1857,0.001209454699338354
Morgan_1333,0.0012085301770123039
Morgan_1334,0.00120307125432401
Morgan_1615,0.001196781721913896
Morgan_1628,0.0011890750894895902
Morgan_443,0.0011868623047588207
Morgan_229,0.001186837523571217
Morgan_531,0.001183969502799815
Morgan_1481,0.0011835858599531569
Morgan_1023,0.0011826364253711278
Morgan_599,0.0011816161860404247
Morgan_217,0.0011780967231534462
Morgan_1127,0.0011691472584851046
Morgan_720,0.0011678118082382306
Morgan_348,0.0011676371101584928
Morgan_82,0.001160872414822747
Morgan_2031,0.00115915224360285
Morgan_1047,0.0011564586071458262
Morgan_1460,0.0011558619748189883
Morgan_390,0.0011543110589365662
Morgan_295,0.0011537544113715366
Morgan_6,0.0011510295247932237
Morgan_226,0.001150850784746403
Morgan_1832,0.0011505226308452172
Morgan_1177,0.0011486848426037618
Morgan_367,0.0011377930367165656
Morgan_1883,0.0011358929412524582
Morgan_1646,0.0011341571060163866
Morgan_1952,0.0011340724220026944
Morgan_1930,0.0011249660828104948
Morgan_1170,0.0011178587016113337
Morgan_913,0.001109545238709993
Morgan_620,0.001107525945966351
Morgan_286,0.001103711091241643
Morgan_1635,0.0011035431274549984
Morgan_759,0.0011002330098175955
Morgan_1644,0.0010992502666862705
Morgan_767,0.0010991085798194866
Morgan_408,0.0010983894197646971
Morgan_1474,0.001092968422960518
Morgan_39,0.0010929684229605023
Morgan_1196,0.001092477387235074
Morgan_682,0.0010905099656507702
Morgan_1984,0.0010897275160256438
Morgan_1233,0.0010751722248430059
Morgan_1620,0.0010746317390629078
Morgan_712,0.0010715619336794755
Morgan_1765,0.0010713193330106061
Morgan_1017,0.001069041844437317
Morgan_2020,0.0010688463436926252
Morgan_649,0.0010632139400058227
Morgan_2006,0.0010604877446401485
Morgan_1574,0.0010520441764290368
Morgan_850,0.0010502599900741368
Morgan_362,0.001045356094257527
Morgan_1618,0.001043788490824798
Morgan_1548,0.0010400893756787744
Morgan_1365,0.001038731492212719
Morgan_1948,0.0010377758288592782
Morgan_1289,0.0010370849191699179
Morgan_819,0.00102465827687684
Morgan_1304,0.0010221361055146913
Morgan_1149,0.0010217981954252328
Morgan_27,0.0010153092598639687
Morgan_379,0.001013874445215014
Morgan_1294,0.001013252753379178
Morgan_200,0.0010106116552238155
Morgan_1587,0.0010077476764174078
Morgan_1225,0.001005914866904614
Morgan_361,0.0010055149356945044
Morgan_52,0.0010027417194038483
Morgan_181,0.000993329366052023
Morgan_276,0.0009896659368714992
Morgan_685,0.0009881216317102742
Morgan_1103,0.0009755952125779098
Morgan_1179,0.00097179755646013
Morgan_636,0.000965707824188754
Morgan_1540,0.0009636468450654573
Morgan_1296,0.0009597370791783276
Morgan_284,0.0009594748850838453
Morgan_565,0.0009571456145047209
Morgan_1306,0.0009571052333243332
Morgan_234,0.0009558699793768273
Morgan_1616,0.0009530975978341422
Morgan_2044,0.000952097457133178
Morgan_1513,0.0009511606733877769
Morgan_2021,0.0009503777037581739
Morgan_1434,0.0009481460398136772
Morgan_1762,0.0009481062139150511
Morgan_1421,0.0009467420436077522
Morgan_1332,0.0009421018274686262
Morgan_558,0.000939690682565957
Morgan_180,0.0009312221045138596
Morgan_768,0.0009293187433407781
Morgan_1000,0.0009249349129514429
Morgan_940,0.0009200072650991925
Morgan_1740,0.0009192847153966628
Morgan_1036,0.0009192847153966614
Morgan_488,0.0009179124390314153
Morgan_1776,0.0009141918071713614
Morgan_1091,0.0009101819073244555
Morgan_134,0.0009100509062253817
Morgan_1046,0.0009090473316245352
Morgan_1925,0.0009063199970431958
Morgan_30,0.0009039739828857797
Morgan_1787,0.0008982582422237808
Morgan_1269,0.0008973919997718558
Morgan_1692,0.0008962534312971266
Morgan_436,0.0008841851461101996
Morgan_837,0.0008709909922477056
Morgan_1053,0.0008622450061738494
Morgan_532,0.0008609383935881913
Morgan_971,0.0008609383935881856
Morgan_1990,0.0008596893138578174
Morgan_1040,0.000859037104014473
Morgan_1455,0.0008513244387149596
Morgan_1812,0.0008495783345219845
Morgan_1695,0.0008476357567260705
Morgan_758,0.0008440853352084636
Morgan_1608,0.0008429775581256177
Morgan_1557,0.0008429132147213821
Morgan_705,0.0008405814855388235
Morgan_1891,0.0008326938876849221
Morgan_1834,0.0008317227897978404
Morgan_991,0.0008307451069454656
Morgan_1667,0.0008298484587177574
Morgan_37,0.0008255149763971242
Morgan_1200,0.000820688282098471
Morgan_395,0.0008181659361853074
Morgan_228,0.0008166118513655407
Morgan_1677,0.0008161170385261976
Morgan_661,0.0008143733873773045
Morgan_578,0.0008137622116282953
Morgan_1668,0.0008136791379795842
Morgan_1484,0.0008131151470579881
Morgan_1413,0.0008125283668714325
Morgan_179,0.0008122818494052268
Morgan_633,0.000811481996009445
Morgan_1083,0.0008108537575210034
Morgan_686,0.0008073567763034492
Morgan_20,0.0008072833693277836
Morgan_669,0.0008015555484919355
Morgan_1947,0.0007996100993845698
Morgan_994,0.0007996100993845692
Morgan_548,0.0007993596134494612
Morgan_1918,0.0007985459416279734
Morgan_707,0.0007984546923152619
Morgan_1554,0.0007982062524489726
Morgan_447,0.0007919982014575735
Morgan_557,0.0007908362472487405
Morgan_938,0.0007888452472075317
Morgan_1627,0.0007789008098727388
Morgan_60,0.000774967643541474
Morgan_444,0.0007724112307470768
Morgan_175,0.0007653394377782858
Morgan_115,0.0007565711233197989
Morgan_556,0.0007535120225759543
Morgan_889,0.0007527900010670024
Morgan_1682,0.0007479519005805147
Morgan_1262,0.0007471240270520735
Morgan_1310,0.0007465551229887669
Morgan_2019,0.0007443023940244324
Morgan_552,0.0007440704004202933
Morgan_1041,0.000743474178854523
Morgan_1021,0.0007417110178748235
Morgan_258,0.0007406269255585394
Morgan_1461,0.0007406269255585321
Morgan_1623,0.0007404204937562084
Morgan_1884,0.0007366584238804538
Morgan_1845,0.0007359954965346327
Morgan_1716,0.0007306794223874072
Morgan_1731,0.0007270290967447826
Morgan_1817,0.0007253089650710935
Morgan_1065,0.0007238280217457961
Morgan_375,0.000723407258300208
Morgan_212,0.0007156319338578986
Morgan_1633,0.0007127444965841659
Morgan_1403,0.0007100800695642714
Morgan_1600,0.0007051417232869294
Morgan_453,0.0006957932638584501
Morgan_803,0.000695349111188489
Morgan_1167,0.0006924961575156259
Morgan_1875,0.0006904951628456226
Morgan_166,0.0006887305766692659
Morgan_1703,0.0006876937649347354
Morgan_1815,0.0006821252289246806
Morgan_1709,0.0006769490616188284
Morgan_1156,0.0006713264998347979
Morgan_1556,0.0006686207748462589
Morgan_2026,0.0006609488472962783
Morgan_1848,0.0006580082353087038
Morgan_101,0.0006577941024069441
Morgan_318,0.0006550745540128197
Morgan_1766,0.000652641098283805
Morgan_1611,0.0006526120813814925
Morgan_681,0.0006524660294254056
Morgan_1517,0.000652440039813469
Morgan_398,0.0006523820905260609
Morgan_827,0.0006471363776899086
Morgan_995,0.0006436830256584176
Morgan_1140,0.0006415484256623236
Morgan_772,0.0006335298219760722
Morgan_576,0.0006318827056651917
Morgan_178,0.0006316652155092966
Morgan_1391,0.0006249343478700012
Morgan_434,0.0006233142300537855
Morgan_219,0.0006217207540441583
Morgan_118,0.0006204913913053484
Morgan_550,0.0006199109116018945
Morgan_1669,0.0006172990291221557
Morgan_1150,0.0006144563250779939
Morgan_1286,0.0006097851476649902
Morgan_1071,0.0006024509463886665
Morgan_15,0.0006019759934953678
Morgan_433,0.0006019759934949253
Morgan_608,0.0005996796798564682
Morgan_769,0.0005975771647776676
Morgan_1465,0.000591714638665457
Morgan_619,0.0005888453670826672
Morgan_1112,0.0005815816482208566
Morgan_1488,0.0005814222473731014
Morgan_1260,0.0005813592315858829
Morgan_296,0.0005806059224978042
Morgan_1069,0.0005784156543631598
Morgan_1752,0.0005775891158730294
Morgan_632,0.0005775119241932651
Morgan_49,0.0005769349698762571
Morgan_11,0.0005752461767309342
Morgan_360,0.000574279345331869
Morgan_1360,0.0005707879628011245
Morgan_1346,0.000567707238851416
Morgan_1326,0.0005656071286649049
Morgan_993,0.0005651398350538602
Morgan_1656,0.0005644581889218308
Morgan_1106,0.0005641610459298499
Morgan_1651,0.0005641610459298476
Morgan_1898,0.0005594751510695505
Morgan_1589,0.0005580025192664299
Morgan_169,0.0005542262171002745
Morgan_662,0.0005527213384435231
Morgan_1691,0.0005447617180735915
Morgan_1344,0.0005398427707259511
Morgan_1520,0.0005382220160069374
Morgan_1136,0.0005316117847783794
Morgan_1042,0.0005303530532504327
Morgan_1207,0.0005281806845849412
Morgan_541,0.0005276751166116055
Morgan_106,0.0005247291538484873
Morgan_603,0.0005217875466593224
Morgan_1168,0.0005195011974629192
Morgan_755,0.0005166624571583195
Morgan_1885,0.0005157977585077664
Morgan_791,0.000515605171492233
Morgan_1941,0.0005155545471077756
Morgan_666,0.0005149740671739997
Morgan_1007,0.0005091488949548177
Morgan_165,0.0005082071408732808
Morgan_210,0.0005071924530296066
Morgan_424,0.0005069831800964817
Morgan_89,0.0005067881581777454
Morgan_726,0.0005032522982034706
Morgan_1291,0.0005032522982034688
Morgan_1511,0.0005011688901190856
Morgan_652,0.0004999719397446023
Morgan_840,0.0004993443334730519
Morgan_51,0.0004974012798750157
Morgan_1193,0.0004959049986364896
Morgan_1903,0.000495468065981195
Morgan_1654,0.0004950076286750905
Morgan_28,0.0004947895987108112
Morgan_83,0.0004942739341817353
Morgan_146,0.0004885883776384013
Morgan_1451,0.00048566900296723295
Morgan_416,0.0004853985445414578
Morgan_24,0.00048377461307484016
Morgan_241,0.00048225780823893887
Morgan_985,0.0004779870621564445
Morgan_1830,0.0004774607592089596
Morgan_123,0.0004767785452701518
Morgan_1237,0.0004766974697608264
Morgan_655,0.0004743235053632483
Morgan_1458,0.0004736565572106457
Morgan_921,0.0004728282663465648
Morgan_1942,0.000471873345675111
Morgan_709,0.0004703198842354079
Morgan_281,0.00047023730391277925
Morgan_153,0.00046952223238943636
Morgan_979,0.0004695222323894294
Morgan_1824,0.00046952223238942936
Morgan_1500,0.0004695222323894292
Morgan_587,0.00046948683215511795
Morgan_1719,0.0004686535711024569
Morgan_1506,0.0004650332985516683
Morgan_748,0.00046441526954682185
Morgan_1278,0.0004644152695468213
Morgan_1459,0.000462817466717775
Morgan_161,0.00045954449693553443
Morgan_954,0.00045946034592342784
Morgan_1343,0.00045693987964490397
Morgan_1377,0.0004556398886790306
Morgan_863,0.000452619393418554
Morgan_919,0.0004514810024449012
Morgan_1456,0.00044932132735257986
Morgan_1504,0.0004489874380148287
Morgan_1681,0.00044844965719614984
Morgan_1835,0.00044454913430071885
Morgan_1514,0.0004445491343007188
Morgan_137,0.00044454913430070595
Morgan_1612,0.0004441579240379624
Morgan_960,0.00044400082497024235
Morgan_535,0.00044302177320011725
Morgan_1940,0.0004424928142733025
Morgan_1804,0.000441137661943829
Morgan_1874,0.0004405073019060892
Morgan_22,0.00044022317066940553
Morgan_1759,0.0004349886977802812
Morgan_285,0.00043405656702568475
Morgan_1509,0.00043319930607982213
Morgan_1010,0.00043194749640484026
Morgan_1577,0.0004282547280513605
Morgan_1700,0.0004270949452810984
Morgan_1245,0.00042568596571259965
Morgan_1497,0.00042494741261678965
Morgan_742,0.0004240993418864257
Morgan_514,0.0004187057039587847
Morgan_1094,0.0004187057039571598
Morgan_1359,0.0004187057039571597
Morgan_537,0.00041690419982477766
Morgan_1397,0.000414002117924838
Morgan_71,0.0004132365365927394
Morgan_2045,0.0004127138718562381
Morgan_341,0.0004126403387987761
Morgan_369,0.00040947849022022787
Morgan_937,0.00040771735466008736
Morgan_782,0.000407709082788553
Morgan_1429,0.0004065798484149988
Morgan_765,0.00040616802816156807
Morgan_391,0.00040446897326256294
Morgan_403,0.0004038381599520654
Morgan_796,0.00040383815995206484
Morgan_1229,0.0003980805131773541
Morgan_879,0.0003977753366139821
Morgan_29,0.00039698099075164756
Morgan_1795,0.0003945079012438445
Morgan_533,0.0003941189814982996
Morgan_1119,0.0003831300811754973
Morgan_1120,0.00038262972889402245
Morgan_363,0.0003822958426326803
Morgan_990,0.0003820913578667762
Morgan_1565,0.0003809394951591798
Morgan_1317,0.00037951067262762976
Morgan_302,0.0003790188189489636
Morgan_734,0.0003755898072644151
Morgan_1997,0.00037546374054351077
Morgan_262,0.0003747588576940797
Morgan_1079,0.0003741759611986711
Morgan_1552,0.00037337714491876307
Morgan_359,0.0003708305511805754
Morgan_270,0.0003696313571696175
Morgan_1882,0.0003683986925329236
Morgan_1637,0.00036697847180461844
Morgan_560,0.0003624591450821855
Morgan_196,0.00035965813126085717
Morgan_1784,0.00035817252598951374
Morgan_151,0.0003568455388249658
Morgan_1081,0.0003566810882533659
Morgan_1979,0.0003566810882533655
Morgan_1736,0.0003554473413117493
Morgan_605,0.0003554012631015194
Morgan_1806,0.00035403202991017644
Morgan_962,0.0003490878127756098
Morgan_852,0.0003485264875396354
Morgan_1307,0.0003475664839537286
Morgan_1932,0.00034513508309310515
Morgan_154,0.0003447136676828853
Morgan_1368,0.000342493145230817
Morgan_1432,0.00033529036419533163
Morgan_1165,0.000334421726585079
Morgan_1029,0.00033181077910297943
Morgan_1469,0.00032821588600246066
Morgan_1118,0.0003268408376115303
Morgan_418,0.00032601639262879264
Morgan_1424,0.00032419718348265493
Morgan_129,0.0003235936324600129
Morgan_1771,0.0003231640410877704
Morgan_72,0.00032182194069107735
Morgan_1399,0.0003210473205325641
Morgan_163,0.0003190355704274704
Morgan_1341,0.0003190355704274694
Morgan_1396,0.0003188846309837664
Morgan_238,0.00031746234755086674
Morgan_503,0.00031709399548590216
Morgan_1008,0.00031689866322182124
Morgan_627,0.00031604300801526386
Morgan_1713,0.00031484494868991156
Morgan_904,0.0003144226637477651
Morgan_1773,0.0003124809220727612
Morgan_1122,0.00031003810554931907
Morgan_906,0.00030773490596514003
Morgan_2017,0.0003053078626255992
Morgan_1454,0.0003050905588396048
Morgan_1412,0.00030491032559720364
Morgan_582,0.00030291433502217606
Morgan_1687,0.0003026513802019758
Morgan_808,0.00029966775571718863
Morgan_23,0.00029582030987051285
Morgan_820,0.00029298894406620867
Morgan_1576,0.000291048800659844
Morgan_247,0.00028966864944928914
Morgan_729,0.00028966864944927965
Morgan_1018,0.0002896626472365368
Morgan_1351,0.00028458515771649873
Morgan_1916,0.00028351148329295114
Morgan_493,0.00028022916516836727
Morgan_344,0.0002786258191304701
Morgan_506,0.0002774237807836274
Morgan_1426,0.00027607687446970405
Morgan_1706,0.00026694973361639506
Morgan_1072,0.00026640665392329915
Morgan_1169,0.000263626390075917
Morgan_1425,0.0002633831793489557
Morgan_1303,0.00026338317934895437
Morgan_42,0.0002628681107073716
Morgan_559,0.0002609743447875992
Morgan_1868,0.0002543228194222379
Morgan_321,0.00025274338578751775
Morgan_868,0.00025115996870875024
Morgan_206,0.00024853786230479436
Morgan_1464,0.00024312877026640142
Morgan_1206,0.00024133303690719541
Morgan_645,0.00024129065628798258
Morgan_1659,0.0002412906562879808
Morgan_261,0.000240979475291077
Morgan_1038,0.00023920003707906485
Morgan_1588,0.00023775136420157606
Morgan_211,0.00023655358456895089
Morgan_1751,0.00023593887964041996
Morgan_18,0.00023105743810918834
Morgan_399,0.00022143551010993609
Morgan_1539,0.0002201115853347104
Morgan_710,0.00021896853552556608
Morgan_1981,0.00021885477920235356
Morgan_1075,0.00021608358910825618
Morgan_86,0.00021584367347047686
Morgan_1235,0.0002121359037188136
Morgan_1871,0.00021136856266213178
Morgan_828,0.0002097766159502612
Morgan_282,0.0002081659821406347
Morgan_1730,0.0002079312118332886
Morgan_1670,0.00020564900340634996
Morgan_287,0.0002037076764450634
Morgan_190,0.0002036345714209412
Morgan_3,0.00020139916262364263
Morgan_723,0.0001973396035302526
Morgan_209,0.0001956384962207008
Morgan_508,0.00019484185279807352
Morgan_1369,0.00019380133013753193
Morgan_1839,0.0001917885537701592
Morgan_1130,0.00019175220243394125
Morgan_1743,0.00019121662598584535
Morgan_1781,0.00019016718986942312
Morgan_1409,0.00018972395092272995
Morgan_437,0.0001896665935988675
Morgan_1098,0.0001831956185017751
Morgan_376,0.00018141682637109414
Morgan_1125,0.00018048396408156423
Morgan_1390,0.0001786990999833722
Morgan_891,0.0001786843813763866
Morgan_1829,0.0001775049420724731
Morgan_1189,0.00017403888231099185
Morgan_438,0.0001739961749468213
Morgan_527,0.00017104648417324615
Morgan_44,0.00017010528811095936
Morgan_1502,0.00016952997615466873
Morgan_1495,0.00016884463710882725
Morgan_543,0.00016882370339007431
Morgan_1051,0.00016882370339007228
Morgan_1755,0.00016882370339007225
Morgan_1271,0.00016882370339007215
Morgan_1443,0.00016825035156016636
Morgan_648,0.0001665247326445918
Morgan_902,0.00016586253687452608
Morgan_1988,0.00016457438099679817
Morgan_1300,0.00015928263555194065
Morgan_267,0.00015842214037916326
Morgan_300,0.00015318206346298042
Morgan_520,0.00015242407585394464
Morgan_639,0.00015020905475112973
Morgan_903,0.0001486919480270102
Morgan_1485,0.00014834564807422745
Morgan_122,0.00014711764944255534
Morgan_1543,0.00014431055972691052
Morgan_1398,0.00014407892209924352
Morgan_952,0.00014403814895694452
Morgan_2040,0.00014323846550345424
Morgan_2002,0.0001429319361752803
Morgan_1258,0.00014211913574462015
Morgan_1721,0.0001403100473951897
Morgan_536,0.00013982322058469758
Morgan_263,0.00013894006861382376
Morgan_693,0.00013613041929234974
Morgan_602,0.00013369700925165422
Morgan_244,0.00012998473107613359
Morgan_929,0.00012998473107612838
Morgan_1242,0.00012969776261836238
Morgan_1741,0.00012751925613496657
Morgan_580,0.0001254834142550468
Morgan_1247,0.000125483414255046
Morgan_404,0.00012548341425503733
Morgan_1994,0.00012335203112980448
Morgan_201,0.00012331144468040724
Morgan_2007,0.00012249854808159174
Morgan_329,0.00012222893861703755
Morgan_986,0.00012152088357773295
Morgan_1704,0.00012001696168273137
Morgan_1174,0.00012001696168273106
Morgan_512,0.0001196180561465799
Morgan_55,0.00011892853196719912
Morgan_221,0.00011882382087164855
Morgan_1859,0.00011839134315141772
Morgan_340,0.00011670725485304552
Morgan_490,0.00011393837784862341
Morgan_1374,0.0001135202047824845
Morgan_1124,0.00011352020478248449
Morgan_1777,0.00011352020478248434
Morgan_1241,0.00010919024401749001
Morgan_549,0.00010444982951888991
Morgan_246,0.00010253163586538621
Morgan_1254,9.990731092256679e-05
Morgan_1467,9.685046314844625e-05
Morgan_956,9.685046314844605e-05
Morgan_1191,9.422508629595053e-05
Morgan_1818,9.386503968680736e-05
Morgan_1519,9.344529552723595e-05
Morgan_1811,9.197724419662511e-05
Morgan_264,9.196746089034924e-05
Morgan_517,9.196746089032983e-05
Morgan_814,9.196746089032662e-05
Morgan_220,8.663359180590851e-05
Morgan_886,8.663359180587938e-05
Morgan_890,8.496150093744067e-05
Morgan_269,8.427075628023363e-05
Morgan_1068,8.358260508199307e-05
Morgan_1059,8.007420267626171e-05
Morgan_1966,7.794040444684186e-05
Morgan_441,7.78506491721706e-05
Morgan_1901,7.523699385943289e-05
Morgan_467,7.493509858998996e-05
Morgan_764,7.493509858998787e-05
Morgan_1345,7.493509858998747e-05
Morgan_452,7.486672652905108e-05
Morgan_1266,7.486672652905079e-05
Morgan_2024,7.48667265290507e-05
Morgan_0,7.47931051785678e-05
Morgan_1085,7.006303633178522e-05
Morgan_1305,6.890628286277108e-05
Morgan_703,6.772233242346798e-05
Morgan_534,6.59216371070723e-05
Morgan_1938,6.56401541763687e-05
Morgan_1720,6.460226277063749e-05
Morgan_1263,6.369956314006725e-05
Morgan_1705,6.31847427420727e-05
Morgan_1173,5.952701054463918e-05
Morgan_449,5.8819256747073147e-05
Morgan_1689,5.831848298351504e-05
Morgan_1201,5.828067407646185e-05
Morgan_931,5.710783733948667e-05
Morgan_1610,5.6814389719831495e-05
Morgan_93,5.4080692745741905e-05
Morgan_484,5.3871972721855645e-05
Morgan_370,5.3619770902041024e-05
Morgan_2027,5.271343673932355e-05
Morgan_19,4.98888185031339e-05
Morgan_402,4.6525691683404474e-05
Morgan_933,4.5955644672853976e-05
Morgan_1860,4.393937549474548e-05
Morgan_280,4.309249832969309e-05
Morgan_1653,3.8988484975257334e-05
Morgan_829,3.793790447694386e-05
Morgan_442,3.786256494230927e-05
Morgan_485,3.75572106115361e-05
Morgan_1121,3.161525420745231e-05
Morgan_749,3.0838861313318186e-05
Morgan_1299,2.9233541675953277e-05
Morgan_208,2.8802733739993924e-05
Morgan_1006,2.8179418644262017e-05
Morgan_1113,2.8168954467615694e-05
Morgan_1428,2.7452407338411398e-05
Morgan_331,2.645507402981851e-05
Morgan_1578,2.5475725918686574e-05
Morgan_1987,2.5434403017125244e-05
Morgan_1492,2.4679490951742532e-05
Morgan_1584,2.4679490951742465e-05
Morgan_483,2.4679490951723606e-05
Morgan_1761,2.393810978312253e-05
Morgan_1471,2.3804890770388757e-05
Morgan_1197,2.3610506344199004e-05
Morgan_1710,2.03532071561852e-05
Morgan_982,1.7706868469469648e-05
Morgan_308,1.7706868469468107e-05
Morgan_53,1.770686846945352e-05
Morgan_1187,1.645153763243893e-05
Morgan_1450,1.6451537632435064e-05
Morgan_579,1.575419991118134e-05
Morgan_46,1.565079641347777e-05
Morgan_1437,1.438902230143339e-05
Morgan_762,1.2118938424844254e-05
Morgan_733,5.855132014727364e-06
Morgan_374,2.0703358530370003e-06
Morgan_895,1.8526251202008075e-06
Morgan_957,0.0
Morgan_958,0.0
Morgan_925,0.0
Morgan_927,0.0
Morgan_928,0.0
Morgan_2014,0.0
Morgan_939,0.0
Morgan_1523,0.0
Morgan_1622,0.0
Morgan_1619,0.0
Morgan_1442,0.0
Morgan_1529,0.0
Morgan_468,0.0
Morgan_2030,0.0
Morgan_10,0.0
Morgan_12,0.0
Morgan_2036,0.0
Morgan_17,0.0
Morgan_48,0.0
Morgan_47,0.0
Morgan_40,0.0
Morgan_887,0.0
Morgan_528,0.0
Morgan_522,0.0
Morgan_521,0.0
Morgan_1605,0.0
Morgan_1601,0.0
Morgan_1598,0.0
Morgan_388,0.0
Morgan_386,0.0
Morgan_380,0.0
Morgan_405,0.0
Morgan_538,0.0
Morgan_1419,0.0
Morgan_1418,0.0
Morgan_1416,0.0
Morgan_1414,0.0
Morgan_396,0.0
Morgan_1642,0.0
Morgan_1641,0.0
Morgan_1639,0.0
Morgan_1408,0.0
Morgan_1404,0.0
Morgan_1402,0.0
Morgan_1400,0.0
Morgan_566,0.0
Morgan_1626,0.0
Morgan_1625,0.0
Morgan_1439,0.0
Morgan_1438,0.0
Morgan_1435,0.0
Morgan_1433,0.0
Morgan_546,0.0
Morgan_1379,0.0
Morgan_1378,0.0
Morgan_1376,0.0
Morgan_1372,0.0
Morgan_1371,0.0
Morgan_551,0.0
Morgan_1395,0.0
Morgan_1393,0.0
Morgan_1392,0.0
Morgan_1383,0.0
Morgan_581,0.0
Morgan_1658,0.0
Morgan_1650,0.0
Morgan_1649,0.0
Morgan_1648,0.0
Morgan_1643,0.0
Morgan_1679,0.0
Morgan_1678,0.0
Morgan_358,0.0
Morgan_356,0.0
Morgan_349,0.0
Morgan_346,0.0
Morgan_365,0.0
Morgan_1666,0.0
Morgan_1662,0.0
Morgan_1661,0.0
Morgan_1660,0.0
Morgan_572,0.0
Morgan_571,0.0
Morgan_570,0.0
Morgan_569,0.0
Morgan_311,0.0
Morgan_342,0.0
Morgan_337,0.0
Morgan_336,0.0
Morgan_330,0.0
Morgan_1364,0.0
Morgan_1363,0.0
Morgan_1361,0.0
Morgan_1358,0.0
Morgan_1356,0.0
Morgan_1355,0.0
Morgan_597,0.0
Morgan_596,0.0
Morgan_593,0.0
Morgan_1684,0.0
Morgan_1680,0.0
Morgan_1320,0.0
Morgan_612,0.0
Morgan_604,0.0
Morgan_1715,0.0
Morgan_1712,0.0
Morgan_316,0.0
Morgan_313,0.0
Morgan_312,0.0
Morgan_588,0.0
Morgan_1347,0.0
Morgan_1342,0.0
Morgan_1340,0.0
Morgan_1338,0.0
Morgan_1337,0.0
Morgan_1336,0.0
Morgan_1335,0.0
Morgan_1316,0.0
Morgan_1315,0.0
Morgan_1311,0.0
Morgan_1302,0.0
Morgan_1301,0.0
Morgan_1732,0.0
Morgan_1728,0.0
Morgan_1725,0.0
Morgan_1723,0.0
Morgan_299,0.0
Morgan_297,0.0
Morgan_1330,0.0
Morgan_1329,0.0
Morgan_1327,0.0
Morgan_1324,0.0
Morgan_1322,0.0
Morgan_510,0.0
Morgan_509,0.0
Morgan_1478,0.0
Morgan_1466,0.0
Morgan_415,0.0
Morgan_414,0.0
Morgan_411,0.0
Morgan_1297,0.0
Morgan_1288,0.0
Morgan_628,0.0
Morgan_618,0.0
Morgan_617,0.0
Morgan_616,0.0
Morgan_615,0.0
Morgan_601,0.0
Morgan_1318,0.0
Morgan_1272,0.0
Morgan_641,0.0
Morgan_638,0.0
Morgan_637,0.0
Morgan_635,0.0
Morgan_634,0.0
Morgan_1748,0.0
Morgan_290,0.0
Morgan_288,0.0
Morgan_1596,0.0
Morgan_1595,0.0
Morgan_1593,0.0
Morgan_1591,0.0
Morgan_422,0.0
Morgan_420,0.0
Morgan_417,0.0
Morgan_1768,0.0
Morgan_1767,0.0
Morgan_274,0.0
Morgan_273,0.0
Morgan_1251,0.0
Morgan_676,0.0
Morgan_668,0.0
Morgan_665,0.0
Morgan_688,0.0
Morgan_631,0.0
Morgan_660,0.0
Morgan_659,0.0
Morgan_1760,0.0
Morgan_1757,0.0
Morgan_1749,0.0
Morgan_1281,0.0
Morgan_711,0.0
Morgan_741,0.0
Morgan_740,0.0
Morgan_236,0.0
Morgan_1793,0.0
Morgan_1789,0.0
Morgan_1788,0.0
Morgan_256,0.0
Morgan_1782,0.0
Morgan_683,0.0
Morgan_1231,0.0
Morgan_704,0.0
Morgan_1774,0.0
Morgan_1772,0.0
Morgan_1770,0.0
Morgan_1769,0.0
Morgan_513,0.0
Morgan_1562,0.0
Morgan_1561,0.0
Morgan_1559,0.0
Morgan_1807,0.0
Morgan_1805,0.0
Morgan_1802,0.0
Morgan_1800,0.0
Morgan_1799,0.0
Morgan_702,0.0
Morgan_1222,0.0
Morgan_1220,0.0
Morgan_1217,0.0
Morgan_1214,0.0
Morgan_721,0.0
Morgan_719,0.0
Morgan_1822,0.0
Morgan_1821,0.0
Morgan_738,0.0
Morgan_2039,0.0
Morgan_731,0.0
Morgan_1198,0.0
Morgan_1192,0.0
Morgan_1813,0.0
Morgan_1579,0.0
Morgan_1566,0.0
Morgan_487,0.0
Morgan_1494,0.0
Morgan_1493,0.0
Morgan_1491,0.0
Morgan_1486,0.0
Morgan_518,0.0
Morgan_1836,0.0
Morgan_230,0.0
Morgan_1190,0.0
Morgan_1186,0.0
Morgan_1185,0.0
Morgan_1183,0.0
Morgan_1182,0.0
Morgan_1180,0.0
Morgan_1178,0.0
Morgan_1175,0.0
Morgan_756,0.0
Morgan_225,0.0
Morgan_224,0.0
Morgan_223,0.0
Morgan_215,0.0
Morgan_1826,0.0
Morgan_183,0.0
Morgan_1861,0.0
Morgan_763,0.0
Morgan_2047,0.0
Morgan_761,0.0
Morgan_1158,0.0
Morgan_1151,0.0
Morgan_746,0.0
Morgan_1166,0.0
Morgan_1161,0.0
Morgan_1159,0.0
Morgan_774,0.0
Morgan_773,0.0
Morgan_1846,0.0
Morgan_1843,0.0
Morgan_1837,0.0
Morgan_495,0.0
Morgan_492,0.0
Morgan_450,0.0
Morgan_439,0.0
Morgan_189,0.0
Morgan_1142,0.0
Morgan_1133,0.0
Morgan_1132,0.0
Morgan_1131,0.0
Morgan_789,0.0
Morgan_783,0.0
Morgan_779,0.0
Morgan_778,0.0
Morgan_777,0.0
Morgan_187,0.0
Morgan_185,0.0
Morgan_1116,0.0
Morgan_801,0.0
Morgan_799,0.0
Morgan_797,0.0
Morgan_1881,0.0
Morgan_1872,0.0
Morgan_1869,0.0
Morgan_1863,0.0
Morgan_435,0.0
Morgan_429,0.0
Morgan_451,0.0
Morgan_1503,0.0
Morgan_1501,0.0
Morgan_1499,0.0
Morgan_499,0.0
Morgan_498,0.0
Morgan_822,0.0
Morgan_821,0.0
Morgan_818,0.0
Morgan_817,0.0
Morgan_812,0.0
Morgan_177,0.0
Morgan_174,0.0
Morgan_173,0.0
Morgan_170,0.0
Morgan_168,0.0
Morgan_1890,0.0
Morgan_1889,0.0
Morgan_1888,0.0
Morgan_1886,0.0
Morgan_1123,0.0
Morgan_1117,0.0
Morgan_159,0.0
Morgan_158,0.0
Morgan_1093,0.0
Morgan_1086,0.0
Morgan_1084,0.0
Morgan_1080,0.0
Morgan_830,0.0
Morgan_826,0.0
Morgan_152,0.0
Morgan_1909,0.0
Morgan_1907,0.0
Morgan_1902,0.0
Morgan_1900,0.0
Morgan_1899,0.0
Morgan_795,0.0
Morgan_793,0.0
Morgan_861,0.0
Morgan_1931,0.0
Morgan_1929,0.0
Morgan_1927,0.0
Morgan_148,0.0
Morgan_139,0.0
Morgan_138,0.0
Morgan_823,0.0
Morgan_1078,0.0
Morgan_1067,0.0
Morgan_1064,0.0
Morgan_853,0.0
Morgan_842,0.0
Morgan_1919,0.0
Morgan_1913,0.0
Morgan_160,0.0
Morgan_1030,0.0
Morgan_87,0.0
Morgan_1954,0.0
Morgan_1953,0.0
Morgan_1945,0.0
Morgan_104,0.0
Morgan_103,0.0
Morgan_126,0.0
Morgan_839,0.0
Morgan_1062,0.0
Morgan_1054,0.0
Morgan_1052,0.0
Morgan_1050,0.0
Morgan_1048,0.0
Morgan_870,0.0
Morgan_867,0.0
Morgan_894,0.0
Morgan_1969,0.0
Morgan_1968,0.0
Morgan_1967,0.0
Morgan_1961,0.0
Morgan_100,0.0
Morgan_98,0.0
Morgan_96,0.0
Morgan_95,0.0
Morgan_91,0.0
Morgan_88,0.0
Morgan_860,0.0
Morgan_856,0.0
Morgan_1044,0.0
Morgan_1033,0.0
Morgan_874,0.0
Morgan_2005,0.0
Morgan_2003,0.0
Morgan_2001,0.0
Morgan_1996,0.0
Morgan_68,0.0
Morgan_66,0.0
Morgan_1976,0.0
Morgan_85,0.0
Morgan_78,0.0
Morgan_77,0.0
Morgan_76,0.0
Morgan_1020,0.0
Morgan_1016,0.0
Morgan_899,0.0
Morgan_898,0.0
Morgan_951,0.0
Morgan_393,0.0
Morgan_916,0.0
Morgan_912,0.0
Morgan_907,0.0
Morgan_996,0.0
Morgan_1986,0.0
Morgan_1983,0.0
Morgan_1553,0.0
Morgan_1551,0.0
Morgan_477,0.0
Morgan_476,0.0
Morgan_1525,0.0
Morgan_946,0.0
Morgan_943,0.0
Morgan_942,0.0
Morgan_2016,0.0
Morgan_1002,0.0
Morgan_1521,0.0
Morgan_969,0.0
Morgan_1515,0.0
Morgan_1512,0.0
Morgan_1510,0.0
Morgan_1549,0.0
Morgan_1545,0.0
Morgan_1541,0.0
Morgan_1534,0.0
Morgan_1533,0.0
Morgan_2013,0.0
Morgan_2011,0.0
Morgan_972,0.0
Morgan_920,0.0
Morgan_968,0.0
